<?xml version="1.0" encoding="UTF-8"?>
<beans xmlns="http://www.springframework.org/schema/beans"
	xmlns:xsi="http://www.w3.org/2001/XMLSchema-instance"
	xmlns:context="http://www.springframework.org/schema/context"
	xmlns:mvc="http://www.springframework.org/schema/mvc"
	xsi:schemaLocation="http://www.springframework.org/schema/beans http://www.springframework.org/schema/beans/spring-beans.xsd
		http://www.springframework.org/schema/context http://www.springframework.org/schema/context/spring-context-4.3.xsd
		http://www.springframework.org/schema/mvc http://www.springframework.org/schema/mvc/spring-mvc-4.3.xsd">


	<context:annotation-config></context:annotation-config>
	<context:component-scan base-package="com.wano"></context:component-scan>
	<bean id="resolver"
		class="org.springframework.web.servlet.view.InternalResourceViewResolver">
<property name="prefix" value="/Views/"></property>
<property name="suffix"  value=".jsp"></property>
	</bean>
	
	<bean id="ds" class="org.springframework.jdbc.datasource.DriverManagerDataSource">
	<property name="driverClassName" value="com.mysql.cj.jdbc.Driver"></property>
	<property name="url" value="jdbc:mysql://localhost:3306/FD18"></property>
	<property name="username" value="root"></property>
	<property name="password" value="root"></property>
	</bean>
	
	<bean id="sf" class="org.springframework.orm.hibernate5.LocalSessionFactoryBean" autowire="byType">
	<property name="hibernateProperties">
	<props>
	<prop key="hibernate.dialect">org.hibernate.dialect.MySQL5Dialect</prop>
	<prop key="hibernate.hbm2ddl.auto">update</prop>
	<prop key="hibernate.show_sql">true</prop>
	</props>
	</property>
	
	<property name="annotatedClasses" value="com.wano.model.Student"></property>
	</bean>



</beans>
